entry_time,exit_time,duration,duration_minutes,direction,chain_state,chain_pivot_time,chain_pivot_level,entry_price,sl,tp,exit_price,exit_reason,pnl_r,position_size,pnl_quote,fee,pnl_net,cumulative_net,rr,entry_fib,sl_fib,tp_fib,swing_high,swing_high_time,swing_low,swing_low_time,swing_move_pct,retest_move_pct
2025-11-02 21:50,2025-11-02 23:50,2h 0m,120.0,short,short,2025-11-02 10:35,184.54,185.858,187.198,181.034,187.62,SL,-1.4149,53.8045,-94.8036,11.0521,-105.8557,-105.86,3.6,0.55,0.8,-0.35,188.27,2025-11-02 07:50,182.91,2025-11-02 19:30,2.9304,0.0
2025-11-03 09:05,2025-11-03 15:25,6h 20m,380.0,short,short,2025-11-03 03:10,181.73,176.686,177.766,172.798,172.798,TP,3.5,56.5976,220.0514,10.879,209.1724,103.32,3.6,0.55,0.8,-0.35,178.63,2025-11-03 05:05,174.31,2025-11-03 08:45,2.4783,0.0
2025-11-04 01:35,2025-11-04 05:20,3h 45m,225.0,short,short,2025-11-03 15:15,174.68,167.7855,169.488,161.6565,161.6565,TP,3.5,58.7372,360.0,10.6428,349.3572,452.67,3.6,0.55,0.8,-0.35,170.85,2025-11-03 17:20,164.04,2025-11-04 00:25,4.1514,0.0
2025-11-04 09:35,2025-11-04 10:15,0h 40m,40.0,short,short,2025-11-04 07:25,157.03,160.0515,160.734,157.5945,160.8,SL,-1.1967,62.4799,-46.7662,11.0257,-57.7919,394.88,3.6,0.55,0.8,-0.35,161.28,2025-11-04 06:15,158.55,2025-11-04 09:20,1.7219,0.0
2025-11-04 20:45,2025-11-04 21:30,0h 45m,45.0,short,short,2025-11-04 16:45,158.55,154.509,156.104,148.767,148.767,TP,3.5,62.6959,360.0,10.4578,349.5422,744.42,3.6,0.55,0.8,-0.35,157.38,2025-11-04 19:25,151.0,2025-11-04 20:35,4.2252,0.0
2025-11-04 22:00,2025-11-04 22:05,0h 5m,5.0,short,short,2025-11-04 16:45,158.55,151.4535,152.896,146.2605,152.93,SL,-1.1236,66.0269,-97.4887,11.0536,-108.5423,635.88,3.6,0.55,0.8,-0.35,154.05,2025-11-04 21:00,148.28,2025-11-04 21:50,3.8913,0.0
2025-11-05 01:50,2025-11-05 02:05,0h 15m,15.0,short,short,2025-11-05 01:30,148.28,151.895,154.07,144.065,154.35,SL,-1.2287,45.977,-112.8736,7.7441,-120.6177,515.26,3.6,0.55,0.8,-0.35,155.81,2025-11-04 23:50,147.11,2025-11-05 01:35,5.9139,0.0
2025-11-05 08:00,2025-11-05 08:20,0h 20m,20.0,long,long,2025-11-05 02:55,155.85,155.573,154.438,159.659,153.79,SL,-1.6709,64.2785,-114.6086,10.937,-125.5455,389.72,3.6,0.55,0.8,-0.35,158.07,2025-11-05 06:55,153.53,2025-11-05 02:15,2.9571,0.0
2025-11-06 23:50,2025-11-07 00:00,0h 10m,10.0,short,short,2025-11-06 23:20,153.53,154.6355,155.238,152.4665,155.71,SL,-1.8834,64.6682,-69.486,11.0382,-80.5242,309.19,3.6,0.55,0.8,-0.35,155.72,2025-11-06 22:55,153.31,2025-11-06 23:20,1.572,0.0
2025-11-07 11:50,2025-11-07 14:35,2h 45m,165.0,short,short,2025-11-07 11:10,153.31,153.829,154.874,150.067,150.067,TP,3.5,65.0072,244.5573,10.8655,233.6918,542.89,3.6,0.55,0.8,-0.35,155.71,2025-11-07 10:05,151.53,2025-11-07 11:15,2.7585,0.0
2025-11-07 14:45,2025-11-07 14:55,0h 10m,10.0,short,short,2025-11-07 11:10,153.31,153.001,154.506,147.583,154.62,SL,-1.1757,65.359,-105.8163,11.0582,-116.8745,426.01,3.6,0.55,0.8,-0.35,155.71,2025-11-07 10:05,149.69,2025-11-07 14:35,4.0216,0.0
2025-11-07 14:40,2025-11-07 15:05,0h 25m,25.0,short,short,2025-11-07 11:10,153.31,153.6445,154.792,149.5135,154.89,SL,-1.1854,65.0853,-81.0638,11.0446,-92.1083,333.9,3.6,0.55,0.8,-0.35,155.71,2025-11-07 10:05,151.12,2025-11-07 14:05,3.0373,0.0
2025-11-12 14:45,2025-11-12 16:10,1h 25m,85.0,long,long,2025-11-12 05:20,155.46,156.9365,155.094,163.5695,152.3302,HARD_STOP,-2.6,54.2741,-250.0,9.2318,-259.2318,74.67,3.6,0.55,0.8,-0.35,160.99,2025-11-12 14:15,153.62,2025-11-12 02:30,4.7976,0.0
2025-11-12 15:35,2025-11-12 16:10,0h 35m,35.0,long,long,2025-11-12 05:20,155.46,156.2615,154.794,161.5445,152.5928,HARD_STOP,-2.6,63.9953,-234.7827,10.8709,-245.6536,-170.98,3.6,0.55,0.8,-0.35,159.49,2025-11-12 15:10,153.62,2025-11-12 02:30,3.8211,0.0
2025-11-13 03:45,2025-11-13 17:55,14h 10m,850.0,short,short,2025-11-12 16:10,153.62,155.359,157.654,147.097,147.097,TP,3.5,43.573,360.0,7.2484,352.7516,181.77,3.6,0.55,0.8,-0.35,159.49,2025-11-12 15:10,150.31,2025-11-13 03:15,6.1074,0.0
2025-11-13 22:20,2025-11-13 23:15,0h 55m,55.0,short,short,2025-11-12 16:10,153.62,143.559,144.654,139.617,145.32,SL,-1.7082,69.6578,-122.6673,11.0675,-133.7348,48.03,3.6,0.55,0.8,-0.35,145.53,2025-11-13 19:25,141.15,2025-11-13 21:25,3.1031,0.0
2025-11-14 06:55,2025-11-14 12:30,5h 35m,335.0,short,short,2025-11-14 04:35,141.15,143.0305,144.458,137.8915,137.8915,TP,3.5,69.9152,359.294,10.8024,348.4916,396.53,3.6,0.55,0.8,-0.35,145.6,2025-11-14 02:30,139.89,2025-11-14 06:45,4.0818,0.0
2025-11-14 14:05,2025-11-14 14:40,0h 35m,35.0,short,short,2025-11-14 04:35,141.15,139.7155,141.468,133.4065,142.03,SL,-1.4207,57.0613,-132.0685,8.8422,-140.9107,255.62,3.6,0.55,0.8,-0.35,142.87,2025-11-14 10:35,135.86,2025-11-14 13:35,5.1597,0.0
2025-11-14 15:10,2025-11-14 15:40,0h 30m,30.0,short,short,2025-11-14 04:35,141.15,140.4355,141.788,135.5665,142.22,SL,-1.4194,71.2071,-127.069,11.0699,-138.1389,117.48,3.6,0.55,0.8,-0.35,142.87,2025-11-14 10:35,137.46,2025-11-14 14:30,3.9357,0.0
2025-11-14 19:00,2025-11-14 20:40,1h 40m,100.0,long,long,2025-11-14 15:45,142.87,141.391,140.696,143.893,139.6535,HARD_STOP,-2.6,70.7259,-122.8862,10.9324,-133.8186,-16.34,3.6,0.55,0.8,-0.35,142.92,2025-11-14 18:10,140.14,2025-11-14 15:25,1.9837,0.0
2025-11-14 22:30,2025-11-14 23:05,0h 35m,35.0,short,short,2025-11-14 20:40,140.14,141.528,142.668,137.424,137.424,TP,3.5,70.6574,289.978,10.8405,279.1374,262.8,3.6,0.55,0.8,-0.35,143.58,2025-11-14 19:20,139.02,2025-11-14 21:00,3.2801,0.0
2025-11-15 00:10,2025-11-15 02:25,2h 15m,135.0,short,short,2025-11-14 20:40,140.14,140.655,142.28,134.805,142.46,SL,-1.2108,61.5385,-111.0769,9.5824,-120.6593,142.14,3.6,0.55,0.8,-0.35,143.58,2025-11-14 19:20,137.08,2025-11-14 23:05,4.7418,0.0
2025-11-15 00:20,2025-11-15 02:40,2h 20m,140.0,short,short,2025-11-14 20:40,140.14,141.078,142.468,136.074,142.76,SL,-1.3101,70.8828,-119.2248,11.0656,-130.2904,11.85,3.6,0.55,0.8,-0.35,143.58,2025-11-14 19:20,138.02,2025-11-14 23:30,4.0284,0.0
2025-11-15 18:20,2025-11-15 20:15,1h 55m,115.0,long,long,2025-11-15 17:20,143.58,142.494,141.514,146.022,141.15,SL,-1.4714,70.1784,-94.3198,10.9481,-105.2679,-93.42,3.6,0.55,0.8,-0.35,144.65,2025-11-15 17:20,140.73,2025-11-15 16:05,2.7855,0.0
2025-11-16 03:20,2025-11-16 09:55,6h 35m,395.0,short,short,2025-11-15 20:30,140.73,141.3245,143.172,134.6735,143.24,SL,-1.1368,54.1272,-103.6806,8.4715,-112.1521,-205.57,3.6,0.55,0.8,-0.35,144.65,2025-11-15 17:20,137.26,2025-11-16 01:45,5.3839,0.0
2025-11-17 13:45,2025-11-17 16:00,2h 15m,135.0,long,long,2025-11-16 18:10,138.16,138.137,136.022,145.751,135.67,SL,-1.2664,47.2813,-116.643,7.1203,-123.7633,-329.34,3.6,0.55,0.8,-0.35,142.79,2025-11-17 11:30,134.33,2025-11-16 17:55,6.2979,0.0
2025-11-17 20:15,2025-11-17 22:20,2h 5m,125.0,short,short,2025-11-17 16:15,134.33,130.433,131.198,127.679,131.49,SL,-1.4817,76.6677,-81.0378,11.0446,-92.0823,-421.42,3.6,0.55,0.8,-0.35,131.81,2025-11-17 18:45,128.75,2025-11-17 20:00,2.3767,0.0
2025-11-17 21:00,2025-11-17 22:20,1h 20m,80.0,short,short,2025-11-17 16:15,134.33,130.6535,131.296,128.3405,131.49,SL,-1.4019,76.5383,-64.0243,11.0352,-75.0595,-496.48,3.6,0.55,0.8,-0.35,131.81,2025-11-17 18:45,129.24,2025-11-17 20:30,1.9885,0.0
2025-11-18 00:55,2025-11-18 01:05,0h 10m,10.0,short,short,2025-11-18 00:40,129.24,130.548,131.288,127.884,131.74,SL,-1.7108,76.6002,-91.3074,11.0502,-102.3576,-598.84,3.6,0.55,0.8,-0.35,131.88,2025-11-17 22:50,128.92,2025-11-18 00:45,2.296,0.0
2025-11-21 17:00,2025-11-23 13:45,44h 45m,2685.0,short,short,2025-11-21 07:30,128.92,129.314,131.384,121.862,131.56,SL,-1.185,48.3092,-108.5024,6.9314,-115.4339,-714.27,3.6,0.55,0.8,-0.35,133.04,2025-11-21 05:15,124.76,2025-11-21 16:45,6.6367,0.0
2025-11-21 18:45,2025-11-23 14:00,43h 15m,2595.0,short,short,2025-11-21 07:30,128.92,130.0565,131.714,124.0895,132.4,SL,-1.5139,60.3318,-141.3876,8.709,-150.0966,-864.37,3.6,0.55,0.8,-0.35,133.04,2025-11-21 05:15,126.41,2025-11-21 18:15,5.2448,0.0
2025-11-23 16:55,2025-11-23 17:20,0h 25m,25.0,long,long,2025-11-23 15:55,133.04,131.6815,130.914,134.4445,130.86,SL,-1.1704,75.9408,-62.3854,10.9657,-73.3511,-937.72,3.6,0.55,0.8,-0.35,133.37,2025-11-23 16:05,130.3,2025-11-23 15:05,2.3561,0.0
2025-11-24 01:55,2025-11-24 02:05,0h 10m,10.0,short,short,2025-11-24 00:00,130.3,131.5675,132.63,127.7425,132.97,SL,-1.42,76.0066,-106.5993,11.0586,-117.6579,-1055.38,3.6,0.55,0.8,-0.35,133.48,2025-11-23 21:55,129.23,2025-11-24 00:20,3.2887,0.0
2025-11-24 04:15,2025-11-24 04:20,0h 5m,5.0,long,long,2025-11-24 02:15,133.73,131.906,130.786,135.938,130.78,SL,-1.1054,75.8116,-85.3638,10.953,-96.3169,-1151.69,3.6,0.55,0.8,-0.35,134.37,2025-11-24 03:20,129.89,2025-11-24 01:45,3.4491,0.0
2025-11-24 14:35,2025-11-24 16:20,1h 45m,105.0,short,short,2025-11-24 08:00,129.89,131.355,132.73,126.405,132.95,SL,-1.26,72.7273,-116.0,10.5722,-126.5722,-1278.27,3.6,0.55,0.8,-0.35,133.83,2025-11-24 05:25,128.33,2025-11-24 09:25,4.2858,0.0
2025-11-24 15:00,2025-11-24 16:20,1h 20m,80.0,short,short,2025-11-24 08:00,129.89,131.3865,132.744,126.4995,132.95,SL,-1.2517,73.6648,-115.175,10.7098,-125.8847,-1404.15,3.6,0.55,0.8,-0.35,133.83,2025-11-24 05:25,128.4,2025-11-24 14:50,4.229,0.0
2025-11-24 15:30,2025-11-24 16:20,0h 50m,50.0,short,short,2025-11-24 08:00,129.89,131.643,132.858,127.269,132.95,SL,-1.1757,75.963,-99.2837,11.0546,-110.3383,-1514.49,3.6,0.55,0.8,-0.35,133.83,2025-11-24 05:25,128.97,2025-11-24 14:30,3.7683,0.0
2025-11-24 15:45,2025-11-24 16:30,0h 45m,45.0,short,short,2025-11-24 08:00,129.89,132.0885,133.056,128.6055,133.47,SL,-1.5279,75.7068,-104.589,11.0575,-115.6465,-1630.13,3.6,0.55,0.8,-0.35,133.83,2025-11-24 05:25,129.96,2025-11-24 15:25,2.9778,0.0
2025-12-15 19:00,2025-12-15 23:00,4h 0m,240.0,short,short,2025-12-15 16:35,125.77,125.4715,126.354,122.2945,126.54,SL,-1.3108,79.6994,-85.1588,11.0468,-96.2056,-1726.34,3.6,0.55,0.8,-0.35,127.06,2025-12-15 16:15,123.53,2025-12-15 18:35,2.8576,0.0
2025-12-16 14:00,2025-12-17 14:55,24h 55m,1495.0,long,long,2025-12-15 23:15,127.06,126.5085,124.976,132.0255,132.0255,TP,3.5,65.2529,360.0,9.2785,350.7215,-1375.62,3.6,0.55,0.8,-0.35,129.88,2025-12-16 13:30,123.75,2025-12-15 20:20,4.9535,0.0
2025-12-18 16:00,2025-12-18 17:00,1h 0m,60.0,long,long,2025-12-18 15:25,127.97,127.1885,126.356,130.1855,126.26,SL,-1.2153,78.6235,-73.0019,10.9598,-83.9617,-1459.58,3.6,0.55,0.8,-0.35,129.02,2025-12-18 15:35,125.69,2025-12-18 15:10,2.6494,0.0
2026-01-29 16:15,2026-01-29 16:55,0h 40m,40.0,short,short,2026-01-29 15:40,116.72,117.813,118.328,115.959,118.87,SL,-2.1524,84.8803,-89.7185,11.0493,-100.7678,-1560.35,3.6,0.55,0.8,-0.35,118.74,2026-01-29 15:30,116.68,2026-01-29 16:05,1.7655,0.0
2026-01-30 04:20,2026-01-30 11:50,7h 30m,450.0,short,short,2026-01-29 18:25,116.68,115.639,116.984,110.797,117.07,SL,-1.1639,74.3494,-106.3941,9.516,-115.91,-1676.26,3.6,0.55,0.8,-0.35,118.06,2026-01-30 00:10,112.68,2026-01-30 02:25,4.7746,0.0
2026-01-30 07:10,2026-01-30 11:50,4h 40m,280.0,short,short,2026-01-29 18:25,116.68,115.7605,117.038,111.1615,117.07,SL,-1.125,78.2779,-102.5049,10.024,-112.5289,-1788.79,3.6,0.55,0.8,-0.35,118.06,2026-01-30 00:10,112.95,2026-01-30 06:45,4.5241,0.0
2026-01-31 18:40,2026-01-31 23:15,4h 35m,275.0,short,short,2026-01-31 13:30,114.21,101.9355,104.538,92.5665,105.06,SL,-1.3006,38.4246,-120.0576,4.3745,-124.4322,-1913.22,3.6,0.55,0.8,-0.35,106.62,2026-01-31 17:00,96.21,2026-01-31 18:40,10.8201,0.0
2026-01-31 19:10,2026-01-31 23:20,4h 10m,250.0,short,short,2026-01-31 13:30,114.21,103.353,105.168,96.819,106.33,SL,-1.7402,55.0964,-164.022,6.354,-170.3761,-2083.6,3.6,0.55,0.8,-0.35,106.62,2026-01-31 17:00,99.36,2026-01-31 18:45,7.3068,0.0
2026-01-31 22:00,2026-01-31 23:20,1h 20m,80.0,short,short,2026-01-31 13:30,114.21,103.749,105.344,98.007,106.33,SL,-1.7182,62.6959,-161.8182,7.2441,-169.0623,-2252.66,3.6,0.55,0.8,-0.35,106.62,2026-01-31 17:00,100.24,2026-01-31 20:30,6.3647,0.0
2026-01-31 22:00,2026-01-31 23:20,1h 20m,80.0,short,short,2026-01-31 13:30,114.21,103.749,105.344,98.007,106.33,SL,-1.7182,62.6959,-161.8182,7.2441,-169.0623,-2421.72,3.6,0.55,0.8,-0.35,106.62,2026-01-31 17:00,100.24,2026-01-31 20:30,6.3647,0.0
2026-01-31 22:00,2026-01-31 23:20,1h 20m,80.0,short,short,2026-01-31 13:30,114.21,103.749,105.344,98.007,106.33,SL,-1.7182,62.6959,-161.8182,7.2441,-169.0623,-2590.78,3.6,0.55,0.8,-0.35,106.62,2026-01-31 17:00,100.24,2026-01-31 20:30,6.3647,0.0
2026-01-31 22:00,2026-01-31 23:20,1h 20m,80.0,short,short,2026-01-31 13:30,114.21,103.749,105.344,98.007,106.33,SL,-1.7182,62.6959,-161.8182,7.2441,-169.0623,-2759.84,3.6,0.55,0.8,-0.35,106.62,2026-01-31 17:00,100.24,2026-01-31 20:30,6.3647,0.0
2026-01-31 22:00,2026-01-31 23:20,1h 20m,80.0,short,short,2026-01-31 13:30,114.21,103.749,105.344,98.007,106.33,SL,-1.7182,62.6959,-161.8182,7.2441,-169.0623,-2928.91,3.6,0.55,0.8,-0.35,106.62,2026-01-31 17:00,100.24,2026-01-31 20:30,6.3647,0.0
2026-01-31 22:00,2026-01-31 23:20,1h 20m,80.0,short,short,2026-01-31 13:30,114.21,103.749,105.344,98.007,106.33,SL,-1.7182,62.6959,-161.8182,7.2441,-169.0623,-3097.97,3.6,0.55,0.8,-0.35,106.62,2026-01-31 17:00,100.24,2026-01-31 20:30,6.3647,0.0
2026-01-31 22:25,2026-01-31 23:20,0h 55m,55.0,short,short,2026-01-31 13:30,114.21,103.794,105.364,98.142,106.33,SL,-1.7153,63.6943,-161.5287,7.361,-168.8897,-3266.86,3.6,0.55,0.8,-0.35,106.62,2026-01-31 17:00,100.34,2026-01-31 20:35,6.2587,0.0
2026-01-31 22:25,2026-01-31 23:20,0h 55m,55.0,short,short,2026-01-31 13:30,114.21,103.9155,105.418,98.5065,106.33,SL,-1.707,66.5557,-160.6988,7.6962,-168.395,-3435.25,3.6,0.55,0.8,-0.35,106.62,2026-01-31 17:00,100.61,2026-01-31 20:40,5.9736,0.0
2026-01-31 22:30,2026-01-31 23:20,0h 50m,50.0,short,short,2026-01-31 13:30,114.21,104.172,105.532,99.276,106.33,SL,-1.6868,73.5294,-158.6765,8.5129,-167.1894,-3602.44,3.6,0.55,0.8,-0.35,106.62,2026-01-31 17:00,101.18,2026-01-31 21:20,5.3766,0.0
2026-02-01 18:20,2026-02-01 23:05,4h 45m,285.0,short,short,2026-02-01 14:15,104.03,104.119,105.514,99.097,99.097,TP,3.5,71.6846,360.0,8.0121,351.9879,-3250.46,3.6,0.55,0.8,-0.35,106.63,2026-02-01 13:10,101.05,2026-02-01 17:20,5.522,0.0
2026-02-01 23:30,2026-02-02 00:15,0h 45m,45.0,short,short,2026-02-01 14:15,104.03,100.7405,101.668,97.4015,101.85,SL,-1.2962,99.2649,-110.1345,11.0606,-121.195,-3371.65,3.6,0.55,0.8,-0.35,102.41,2026-02-01 22:35,98.7,2026-02-01 23:20,3.7589,0.0
2026-02-02 00:10,2026-02-02 00:15,0h 5m,5.0,short,short,2026-02-01 14:15,104.03,101.132,101.842,98.576,101.85,SL,-1.1113,98.8807,-70.9963,11.039,-82.0354,-3453.69,3.6,0.55,0.8,-0.35,102.41,2026-02-01 22:35,99.57,2026-02-02 00:00,2.8523,0.0
2026-02-02 04:20,2026-02-02 06:00,1h 40m,100.0,short,short,2026-02-02 03:10,99.57,100.8315,101.864,97.1145,97.1145,TP,3.5,96.8523,360.0,10.5443,349.4557,-3104.23,3.6,0.55,0.8,-0.35,102.69,2026-02-02 02:15,98.56,2026-02-02 04:10,4.1903,0.0
2026-02-02 06:40,2026-02-02 07:35,0h 55m,55.0,short,short,2026-02-02 03:10,99.57,100.08,101.53,94.86,101.71,SL,-1.2241,68.9655,-112.4138,7.6541,-120.0679,-3224.3,3.6,0.55,0.8,-0.35,102.69,2026-02-02 02:15,96.89,2026-02-02 06:00,5.9862,0.0
2026-02-02 06:45,2026-02-02 07:35,0h 50m,50.0,short,short,2026-02-02 03:10,99.57,100.314,101.634,95.562,101.71,SL,-1.1576,75.7576,-105.7576,8.4177,-114.1752,-3338.47,3.6,0.55,0.8,-0.35,102.69,2026-02-02 02:15,97.41,2026-02-02 06:35,5.4204,0.0
2026-02-02 07:05,2026-02-02 08:15,1h 10m,70.0,short,short,2026-02-02 03:10,99.57,101.295,102.07,98.505,102.41,SL,-1.5387,98.7216,-110.0745,11.0605,-121.1351,-3459.61,3.6,0.55,0.8,-0.35,102.69,2026-02-02 02:15,99.59,2026-02-02 06:50,3.1128,0.0
2026-02-02 08:05,2026-02-02 08:15,0h 10m,10.0,short,short,2026-02-02 03:10,99.57,101.727,102.262,99.801,102.41,SL,-1.3766,98.3023,-67.1405,11.0369,-78.1774,-3537.79,3.6,0.55,0.8,-0.35,102.69,2026-02-02 02:15,100.55,2026-02-02 07:15,2.1283,0.0
2026-02-03 02:10,2026-02-03 14:35,12h 25m,745.0,long,long,2026-02-02 09:35,102.69,103.061,102.116,106.463,101.97,SL,-1.2545,97.0299,-105.8596,10.9418,-116.8014,-3654.59,3.6,0.55,0.8,-0.35,105.14,2026-02-02 22:10,101.36,2026-02-02 09:00,3.7293,0.0
2026-02-03 15:55,2026-02-03 16:25,0h 30m,30.0,short,short,2026-02-03 14:50,101.36,102.4845,103.082,100.3335,100.3335,TP,3.5,97.5757,209.8854,10.8846,199.0008,-3455.59,3.6,0.55,0.8,-0.35,103.56,2026-02-03 14:00,101.17,2026-02-03 15:45,2.3624,0.0
2026-02-03 15:25,2026-02-03 17:40,2h 15m,135.0,short,short,2026-02-03 14:50,101.36,102.174,102.944,99.402,99.402,TP,3.5,97.8723,271.3019,10.8508,260.4511,-3195.14,3.6,0.55,0.8,-0.35,103.56,2026-02-03 14:00,100.48,2026-02-03 15:00,3.0653,0.0
2026-02-03 20:30,2026-02-04 05:50,9h 20m,560.0,short,short,2026-02-03 14:50,101.36,101.166,102.496,96.378,96.378,TP,3.5,75.188,360.0,8.1691,351.8309,-2843.3,3.6,0.55,0.8,-0.35,103.56,2026-02-03 14:00,98.24,2026-02-03 20:15,5.4153,0.0
2026-02-03 20:30,2026-02-04 13:45,17h 15m,1035.0,short,short,2026-02-03 14:50,101.36,100.401,102.156,94.083,94.083,TP,3.5,56.9801,360.0,6.0949,353.9051,-2489.4,3.6,0.55,0.8,-0.35,103.56,2026-02-03 14:00,96.54,2026-02-03 18:55,7.2716,0.0
2026-02-03 20:30,2026-02-04 13:45,17h 15m,1035.0,short,short,2026-02-03 14:50,101.36,100.401,102.156,94.083,94.083,TP,3.5,56.9801,360.0,6.0949,353.9051,-2135.49,3.6,0.55,0.8,-0.35,103.56,2026-02-03 14:00,96.54,2026-02-03 18:55,7.2716,0.0
2026-02-04 18:25,2026-02-04 18:35,0h 10m,10.0,short,short,2026-02-03 14:50,101.36,91.5095,92.082,89.4485,92.49,SL,-1.8127,109.2783,-107.1473,11.0589,-118.2063,-2253.7,3.6,0.55,0.8,-0.35,92.54,2026-02-04 17:15,90.25,2026-02-04 18:05,2.5374,0.0
2026-02-05 01:30,2026-02-05 11:20,9h 50m,590.0,short,short,2026-02-04 22:00,90.27,92.8065,93.864,88.9995,88.9995,TP,3.5,94.5626,360.0,9.4556,350.5444,-1903.16,3.6,0.55,0.8,-0.35,94.71,2026-02-04 19:45,90.48,2026-02-05 01:20,4.6751,0.0
2026-02-05 01:30,2026-02-05 11:20,9h 50m,590.0,short,short,2026-02-04 22:00,90.27,92.8065,93.864,88.9995,88.9995,TP,3.5,94.5626,360.0,9.4556,350.5444,-1552.61,3.6,0.55,0.8,-0.35,94.71,2026-02-04 19:45,90.48,2026-02-05 01:20,4.6751,0.0
2026-02-05 01:30,2026-02-05 11:20,9h 50m,590.0,short,short,2026-02-04 22:00,90.27,92.8065,93.864,88.9995,88.9995,TP,3.5,94.5626,360.0,9.4556,350.5444,-1202.07,3.6,0.55,0.8,-0.35,94.71,2026-02-04 19:45,90.48,2026-02-05 01:20,4.6751,0.0
2026-02-05 01:30,2026-02-05 11:20,9h 50m,590.0,short,short,2026-02-04 22:00,90.27,92.8065,93.864,88.9995,88.9995,TP,3.5,94.5626,360.0,9.4556,350.5444,-851.52,3.6,0.55,0.8,-0.35,94.71,2026-02-04 19:45,90.48,2026-02-05 01:20,4.6751,0.0
2026-02-05 01:30,2026-02-05 11:20,9h 50m,590.0,short,short,2026-02-04 22:00,90.27,92.8065,93.864,88.9995,88.9995,TP,3.5,94.5626,360.0,9.4556,350.5444,-500.98,3.6,0.55,0.8,-0.35,94.71,2026-02-04 19:45,90.48,2026-02-05 01:20,4.6751,0.0
2026-02-05 01:30,2026-02-05 11:20,9h 50m,590.0,short,short,2026-02-04 22:00,90.27,92.8065,93.864,88.9995,88.9995,TP,3.5,94.5626,360.0,9.4556,350.5444,-150.43,3.6,0.55,0.8,-0.35,94.71,2026-02-04 19:45,90.48,2026-02-05 01:20,4.6751,0.0
2026-02-04 23:35,2026-02-05 11:25,11h 50m,710.0,short,short,2026-02-04 22:00,90.27,92.685,93.81,88.635,88.635,TP,3.5,88.8889,360.0,8.8645,351.1355,200.7,3.6,0.55,0.8,-0.35,94.71,2026-02-04 19:45,90.21,2026-02-04 23:05,4.9884,0.0
2026-02-05 12:30,2026-02-05 14:30,2h 0m,120.0,short,short,2026-02-05 12:15,89.49,89.813,90.328,87.959,90.42,SL,-1.2786,111.3425,-67.5849,11.0372,-78.622,122.08,3.6,0.55,0.8,-0.35,90.74,2026-02-05 12:00,88.68,2026-02-05 12:20,2.323,0.0
2026-02-05 13:05,2026-02-05 14:30,1h 25m,85.0,short,short,2026-02-05 12:15,89.49,89.8535,90.346,88.0805,90.42,SL,-1.2503,111.2923,-63.0471,11.0347,-74.0817,48.0,3.6,0.55,0.8,-0.35,90.74,2026-02-05 12:00,88.77,2026-02-05 12:55,2.2192,0.0
2026-02-05 08:30,2026-02-05 15:00,6h 30m,390.0,short,short,2026-02-04 22:00,90.27,92.4375,93.7,87.8925,87.8925,TP,3.5,79.2079,360.0,7.856,352.144,400.14,3.6,0.55,0.8,-0.35,94.71,2026-02-04 19:45,89.66,2026-02-05 06:45,5.6324,0.0
2026-02-05 08:30,2026-02-05 15:00,6h 30m,390.0,short,short,2026-02-04 22:00,90.27,92.4375,93.7,87.8925,87.8925,TP,3.5,79.2079,360.0,7.856,352.144,752.29,3.6,0.55,0.8,-0.35,94.71,2026-02-04 19:45,89.66,2026-02-05 06:45,5.6324,0.0
2026-02-05 08:30,2026-02-05 15:00,6h 30m,390.0,short,short,2026-02-04 22:00,90.27,92.4375,93.7,87.8925,87.8925,TP,3.5,79.2079,360.0,7.856,352.144,1104.43,3.6,0.55,0.8,-0.35,94.71,2026-02-04 19:45,89.66,2026-02-05 06:45,5.6324,0.0
2026-02-04 22:20,2026-02-05 15:05,16h 45m,1005.0,short,short,2026-02-04 22:00,90.27,92.2395,93.612,87.2985,87.2985,TP,3.5,72.8597,360.0,7.1946,352.8054,1457.23,3.6,0.55,0.8,-0.35,94.71,2026-02-04 19:45,89.22,2026-02-04 22:05,6.1533,0.0
2026-02-05 23:00,2026-02-05 23:50,0h 50m,50.0,short,short,2026-02-05 20:15,81.13,80.9315,81.664,78.2945,78.2945,TP,3.5,123.5613,325.8311,10.8208,315.0103,1772.25,3.6,0.55,0.8,-0.35,82.25,2026-02-05 20:00,79.32,2026-02-05 22:40,3.6939,0.0
2026-02-05 21:30,2026-02-06 00:00,2h 30m,150.0,short,short,2026-02-05 20:15,81.13,80.5895,81.512,77.2685,77.2685,TP,3.5,108.4011,360.0,9.4116,350.5884,2122.83,3.6,0.55,0.8,-0.35,82.25,2026-02-05 20:00,78.56,2026-02-05 21:20,4.697,0.0
2026-02-05 21:05,2026-02-06 00:05,3h 0m,180.0,short,short,2026-02-05 20:15,81.13,80.243,81.358,76.229,76.229,TP,3.5,89.6861,360.0,7.7183,352.2817,2475.12,3.6,0.55,0.8,-0.35,82.25,2026-02-05 20:00,77.79,2026-02-05 20:55,5.7334,0.0
2026-02-05 22:25,2026-02-06 00:05,1h 40m,100.0,short,short,2026-02-05 20:15,81.13,80.1485,81.316,75.9455,75.9455,TP,3.5,85.6531,360.0,7.3535,352.6465,2827.76,3.6,0.55,0.8,-0.35,82.25,2026-02-05 20:00,77.58,2026-02-05 22:20,6.0196,0.0
2026-02-05 22:25,2026-02-06 00:10,1h 45m,105.0,short,short,2026-02-05 20:15,81.13,80.081,81.286,75.743,75.743,TP,3.5,82.9876,360.0,7.1123,352.8877,3180.65,3.6,0.55,0.8,-0.35,82.25,2026-02-05 20:00,77.43,2026-02-05 22:15,6.225,0.0
2026-02-05 22:25,2026-02-06 00:10,1h 45m,105.0,short,short,2026-02-05 20:15,81.13,80.081,81.286,75.743,75.743,TP,3.5,82.9876,360.0,7.1123,352.8877,3533.54,3.6,0.55,0.8,-0.35,82.25,2026-02-05 20:00,77.43,2026-02-05 22:15,6.225,0.0
2026-02-06 00:35,2026-02-06 01:45,1h 10m,70.0,short,short,2026-02-05 20:15,81.13,75.545,79.27,62.135,79.53,SL,-1.1698,26.8456,-106.9799,2.2897,-109.2696,3424.27,3.6,0.55,0.8,-0.35,82.25,2026-02-05 20:00,67.35,2026-02-06 00:20,22.1232,0.0
2026-02-06 00:35,2026-02-06 01:45,1h 10m,70.0,short,short,2026-02-05 20:15,81.13,75.527,79.262,62.081,79.53,SL,-1.1718,26.7738,-107.1754,2.2833,-109.4587,3314.81,3.6,0.55,0.8,-0.35,82.25,2026-02-05 20:00,67.31,2026-02-06 00:15,22.1958,0.0
2026-02-06 00:35,2026-02-06 01:45,1h 10m,70.0,short,short,2026-02-05 20:15,81.13,75.527,79.262,62.081,79.53,SL,-1.1718,26.7738,-107.1754,2.2833,-109.4587,3205.35,3.6,0.55,0.8,-0.35,82.25,2026-02-05 20:00,67.31,2026-02-06 00:15,22.1958,0.0
2026-02-06 00:35,2026-02-06 01:45,1h 10m,70.0,short,short,2026-02-05 20:15,81.13,75.527,79.262,62.081,79.53,SL,-1.1718,26.7738,-107.1754,2.2833,-109.4587,3095.89,3.6,0.55,0.8,-0.35,82.25,2026-02-05 20:00,67.31,2026-02-06 00:15,22.1958,0.0
2026-02-06 05:30,2026-02-06 05:50,0h 20m,20.0,short,short,2026-02-05 20:15,81.13,79.4625,80.65,75.1875,81.56,SL,-1.8663,84.2105,-176.6316,7.4579,-184.0895,2911.8,3.6,0.55,0.8,-0.35,81.6,2026-02-05 23:10,76.85,2026-02-06 04:35,6.1809,0.0
2026-02-11 17:20,2026-02-11 21:20,4h 0m,240.0,short,short,2026-02-11 16:35,79.01,79.53,80.28,76.83,80.36,SL,-1.2067,125.7387,-104.3631,11.0574,-115.4205,2796.38,3.6,0.55,0.8,-0.35,80.88,2026-02-11 16:20,77.88,2026-02-11 17:00,3.8521,0.0
2026-02-11 18:25,2026-02-11 21:25,3h 0m,180.0,short,short,2026-02-11 16:35,79.01,79.773,80.388,77.559,80.56,SL,-1.3797,125.3557,-98.6549,11.0543,-109.7092,2686.67,3.6,0.55,0.8,-0.35,80.88,2026-02-11 16:20,78.42,2026-02-11 18:10,3.137,0.0
2026-02-11 21:05,2026-02-11 21:25,0h 20m,20.0,short,short,2026-02-11 16:35,79.01,79.98,80.48,78.18,80.56,SL,-1.26,125.0313,-72.5181,11.0399,-83.558,2603.11,3.6,0.55,0.8,-0.35,80.88,2026-02-11 16:20,78.88,2026-02-11 20:30,2.5355,0.0
2026-02-12 00:35,2026-02-12 01:35,1h 0m,60.0,short,short,2026-02-11 23:20,78.88,79.9745,80.572,77.8235,80.6,SL,-1.1469,125.0399,-78.2124,11.043,-89.2554,2513.86,3.6,0.55,0.8,-0.35,81.05,2026-02-11 21:35,78.66,2026-02-11 23:20,3.0384,0.0
2026-02-12 13:25,2026-02-12 16:05,2h 40m,160.0,long,long,2026-02-12 09:10,81.05,80.682,79.992,83.166,79.24,SL,-2.1899,123.9434,-178.7264,10.9017,-189.6281,2324.23,3.6,0.55,0.8,-0.35,82.2,2026-02-12 10:55,79.44,2026-02-12 05:15,3.4743,0.0
2026-02-12 15:40,2026-02-12 16:05,0h 25m,25.0,long,long,2026-02-12 09:10,81.05,80.367,79.852,82.221,79.24,SL,-2.2883,124.4292,-140.2317,10.9229,-151.1546,2173.08,3.6,0.55,0.8,-0.35,81.5,2026-02-12 15:30,79.44,2026-02-12 05:15,2.5932,0.0
2026-02-19 14:40,2026-02-19 17:15,2h 35m,155.0,short,short,2026-02-19 13:40,79.79,80.823,81.388,78.789,81.73,SL,-1.7053,123.7272,-112.2205,11.0617,-123.2823,2049.79,3.6,0.55,0.8,-0.35,81.84,2026-02-19 11:15,79.58,2026-02-19 13:50,2.8399,0.0
2026-02-19 17:10,2026-02-19 17:15,0h 5m,5.0,short,short,2026-02-19 13:40,79.79,80.9535,81.446,79.1805,81.73,SL,-1.6766,123.5277,-95.9193,11.0528,-106.972,1942.82,3.6,0.55,0.8,-0.35,81.84,2026-02-19 11:15,79.87,2026-02-19 16:05,2.4665,0.0
2026-02-19 19:40,2026-02-20 00:15,4h 35m,275.0,long,long,2026-02-19 18:45,81.91,81.0655,80.568,82.8565,82.8565,TP,3.5,123.357,220.9325,11.1215,209.8109,2152.63,3.6,0.55,0.8,-0.35,82.16,2026-02-19 19:05,80.17,2026-02-19 17:50,2.4822,0.0
2026-02-20 13:35,2026-02-21 14:20,24h 45m,1485.0,long,long,2026-02-19 18:45,81.91,82.2625,81.1,86.4475,86.4475,TP,3.5,86.0215,360.0,7.982,352.018,2504.65,3.6,0.55,0.8,-0.35,84.82,2026-02-20 10:10,80.17,2026-02-19 17:50,5.8002,0.0
2026-02-27 22:40,2026-02-27 23:25,0h 45m,45.0,short,short,2026-02-27 21:50,80.95,81.1925,81.63,79.6175,81.64,SL,-1.1229,123.1641,-55.1159,11.0303,-66.1462,2438.5,3.6,0.55,0.8,-0.35,81.98,2026-02-27 18:30,80.23,2026-02-27 22:30,2.1812,0.0
2026-02-28 13:45,2026-02-28 18:30,4h 45m,285.0,short,short,2026-02-28 06:15,80.23,80.5305,81.458,77.1915,81.58,SL,-1.2315,107.8167,-113.1536,9.613,-122.7667,2315.74,3.6,0.55,0.8,-0.35,82.2,2026-02-28 01:00,78.49,2026-02-28 12:50,4.7267,0.0
2026-02-28 14:40,2026-02-28 18:35,3h 55m,235.0,short,short,2026-02-28 06:15,80.23,81.309,81.804,79.527,82.18,SL,-1.8596,122.9876,-107.1222,11.0589,-118.1811,2197.56,3.6,0.55,0.8,-0.35,82.2,2026-02-28 01:00,80.22,2026-02-28 14:20,2.4682,0.0
2026-02-28 15:25,2026-02-28 18:35,3h 10m,190.0,short,short,2026-02-28 06:15,80.23,81.012,81.672,78.636,82.18,SL,-1.8697,123.4385,-144.1762,11.0793,-155.2555,2042.3,3.6,0.55,0.8,-0.35,82.2,2026-02-28 01:00,79.56,2026-02-28 15:10,3.3183,0.0
